,id,Game Number,Guess,Answer,username,Feedback,Output,Score
,1,1456,1,GHOST,user_0,bbbbb,⬜️⬜️⬜️⬜️⬜️,6.083264512
,2,1456,2,GHOST,user_0,yggbb,🟨🟩🟩⬜️⬜️,61.5960469842849
,3,1456,3,GHOST,user_0,yggyb,🟨🟩🟩🟨⬜️,67.5421352613697
,4,1456,4,GHOST,user_0,ggggg,🟩🟩🟩🟩🟩,130
,5,1540,1,BULGE,user_1,bybbb,⬜️🟨⬜️⬜️⬜️,12.0293527890849
,6,1540,2,BULGE,user_1,bbbbg,⬜️⬜️⬜️⬜️🟩,30.8666116096
,7,1540,3,BULGE,user_1,yybyg,🟨🟨⬜️🟨🟩,48.7048764408546
,8,1540,4,BULGE,user_1,Ggggg,🟩🟩🟩🟩🟩,130
,9,1540,1,BULGE,user_2,bbbyb,⬜️⬜️⬜️🟨⬜️,12.0293527890849
,10,1540,2,BULGE,user_2,yygyb,🟨🟨🟩🟨⬜️,48.7048764408546
,11,1540,3,BULGE,user_2,gggbb,🟩🟩🟩⬜️⬜️,80.4333058048
,12,1540,4,BULGE,user_2,ggggg,🟩🟩🟩🟩🟩,130
,13,1540,1,BULGE,user_0,bbbyy,⬜️⬜️⬜️🟨🟨,17.9754410661697
,14,1540,2,BULGE,user_0,bbybg,⬜️⬜️🟨⬜️🟩,36.8126998866849
,15,1540,3,BULGE,user_0,bgbbg,⬜️🟩⬜️⬜️🟩,55.6499587072
,16,1540,4,BULGE,user_0,bgbbg,⬜️🟩⬜️⬜️🟩,55.6499587072
,17,1540,5,BULGE,user_0,ggbbg,🟩🟩⬜️⬜️🟩,80.4333058048
,18,1540,6,BULGE,user_0,ggyyg,🟩🟩🟨🟨🟩,92.3254823589697
,19,1541,1,TENOR,user_0,bbbyb,⬜️⬜️⬜️🟨⬜️,12.0293527890849
,20,1541,2,TENOR,user_0,bbyyy,⬜️⬜️🟨🟨🟨,23.9215293432546
,21,1541,3,TENOR,user_0,ggggg,🟩🟩🟩🟩🟩,130
,22,1541,1,TENOR,user_3,ybyyb,🟨⬜️🟨🟨⬜️,23.9215293432546
,23,1541,2,TENOR,user_3,ggbyb,🟩🟩⬜️🟨⬜️,61.5960469842849
,24,1541,3,TENOR,user_3,ggggg,🟩🟩🟩🟩🟩,130
,25,1541,1,TENOR,user_4,ygbbb,🟨🟩⬜️⬜️⬜️,36.8126998866849
,26,1541,2,TENOR,user_4,gggbb,🟩🟩🟩⬜️⬜️,80.4333058048
,27,1541,3,TENOR,user_4,ggggg,🟩🟩🟩🟩🟩,130
,28,1541,1,TENOR,user_2,byybb,⬜️🟨🟨⬜️⬜️,17.9754410661697
,29,1541,2,TENOR,user_2,yybby,🟨🟨⬜️⬜️🟨,23.9215293432546
,30,1541,3,TENOR,user_2,gyybb,🟩🟨🟨⬜️⬜️,42.7587881637697
,31,1541,4,TENOR,user_2,gbbyb,🟩⬜️⬜️🟨⬜️,36.8126998866849
,32,1541,5,TENOR,user_2,ggggg,🟩🟩🟩🟩🟩,130
,33,1542,1,CHIRP,user_4,ybbyb,🟨⬜️⬜️🟨⬜️,17.9754410661697
,34,1542,2,CHIRP,user_4,ggggg,🟩🟩🟩🟩🟩,130
,35,1542,1,CHIRP,user_0,bbgbb,⬜️⬜️🟩⬜️⬜️,30.8666116096
,36,1542,2,CHIRP,user_0,bbgbb,⬜️⬜️🟩⬜️⬜️,30.8666116096
,37,1542,3,CHIRP,user_0,bbgbb,⬜️⬜️🟩⬜️⬜️,30.8666116096
,38,1542,4,CHIRP,user_0,yygyb,🟨🟨🟩🟨⬜️,48.7048764408546
,39,1542,5,CHIRP,user_0,ggggg,🟩🟩🟩🟩🟩,130
,40,1542,1,CHIRP,user_2,byybb,⬜️🟨🟨⬜️⬜️,17.9754410661697
,41,1542,2,CHIRP,user_2,ybbyb,🟨⬜️⬜️🟨⬜️,17.9754410661697
,42,1542,3,CHIRP,user_2,gygbb,🟩🟨🟩⬜️⬜️,61.5960469842849
,43,1542,4,CHIRP,user_2,gbggb,🟩⬜️🟩🟩⬜️,80.4333058048
,44,1542,5,CHIRP,user_2,ggggg,🟩🟩🟩🟩🟩,130
,45,1543,1,TRICK,user_4,ybbyb,🟨⬜️⬜️🟨⬜️,17.9754410661697
,46,1543,2,TRICK,user_4,ggggg,🟩🟩🟩🟩🟩,130
,47,1544,1,POUTY,user_4,gbyyb,🟩⬜️🟨🟨⬜️,42.7587881637697
,48,1544,2,POUTY,user_4,bbbgg,⬜️⬜️⬜️🟩🟩,55.6499587072
,49,1544,3,POUTY,user_4,ggggg,🟩🟩🟩🟩🟩,130
,50,1544,1,POUTY,user_2,bgbgb,⬜️🟩⬜️🟩⬜️,55.6499587072
,51,1544,2,POUTY,user_2,bgbgb,⬜️🟩⬜️🟩⬜️,55.6499587072
,52,1544,3,POUTY,user_2,bbygb,⬜️⬜️🟨🟩⬜️,36.8126998866849
,53,1544,4,POUTY,user_2,bgbgg,⬜️🟩⬜️🟩🟩,80.4333058048
,54,1544,5,POUTY,user_2,ggbgg,🟩🟩⬜️🟩🟩,105.2166529024
,55,1544,6,POUTY,user_2,ggggg,🟩🟩🟩🟩🟩,130
,56,1546,1,THROB,user_4,ggbbb,🟩🟩⬜️⬜️⬜️,55.6499587072
,57,1546,2,THROB,user_4,ggggg,🟩🟩🟩🟩🟩,130
,58,1546,1,THROB,user_2,ybgbb,🟨⬜️🟩⬜️⬜️,36.8126998866849
,59,1546,2,THROB,user_2,bybby,⬜️🟨⬜️⬜️🟨,17.9754410661697
,60,1546,3,THROB,user_2,Ggggg,🟩🟩🟩🟩🟩,130
,61,1550,1,LEFTY,user_4,bgbgg,⬜️🟩⬜️🟩🟩,80.4333058048
,62,1550,2,LEFTY,user_4,ggggg,🟩🟩🟩🟩🟩,130
,63,1551,1,TEETH,user_4,ggbyb,🟩🟩⬜️🟨⬜️,61.5960469842849
,64,1551,2,TEETH,user_4,ggggg,🟩🟩🟩🟩🟩,130
,65,1552,1,KNIFE,user_4,bybyb,⬜️🟨⬜️🟨⬜️,17.9754410661697
,66,1552,2,KNIFE,user_4,bbyby,⬜️⬜️🟨⬜️🟨,17.9754410661697
,67,1552,3,KNIFE,user_4,ybbyb,🟨⬜️⬜️🟨⬜️,17.9754410661697
,68,1552,4,KNIFE,user_4,ggggg,🟩🟩🟩🟩🟩,130
,69,1553,1,LATER,user_4,yybby,🟨🟨⬜️⬜️🟨,23.9215293432546
,70,1553,2,LATER,user_4,ybggg,🟨⬜️🟩🟩🟩,86.3793940818849
,71,1553,3,LATER,user_4,ggggg,🟩🟩🟩🟩🟩,130
,72,1554,1,DEFER,user_4,ggbbb,🟩🟩⬜️⬜️⬜️,55.6499587072
,73,1554,2,DEFER,user_4,bbybb,⬜️⬜️🟨⬜️⬜️,12.0293527890849
,74,1554,3,DEFER,user_4,ggggg,🟩🟩🟩🟩🟩,130
,75,1556,1,QUILL,user_4,gggbb,🟩🟩🟩⬜️⬜️,80.4333058048
,76,1556,2,QUILL,user_4,ggggg,🟩🟩🟩🟩🟩,130
,77,1557,1,MOUTH,user_4,yggbg,🟨🟩🟩⬜️🟩,86.3793940818849
,78,1557,2,MOUTH,user_4,ggggg,🟩🟩🟩🟩🟩,130
,79,1558,1,BLUNT,user_4,bbbbb,⬜️⬜️⬜️⬜️⬜️,6.083264512
,80,1558,2,BLUNT,user_4,bbggg,⬜️⬜️🟩🟩🟩,80.4333058048
,81,1558,3,BLUNT,user_4,ggggg,🟩🟩🟩🟩🟩,130
,82,1559,1,DRAPE,user_4,bgggg,⬜️🟩🟩🟩🟩,105.2166529024
,83,1559,2,DRAPE,user_4,ggggg,🟩🟩🟩🟩🟩,130
,84,1560,1,DALLY,user_4,byybb,⬜️🟨🟨⬜️⬜️,17.9754410661697
,85,1560,2,DALLY,user_4,gbbgy,🟩⬜️⬜️🟩🟨,61.5960469842849
,86,1560,3,DALLY,user_4,ggggg,🟩🟩🟩🟩🟩,130
,87,1561,1,FRITZ,user_4,ybbyb,🟨⬜️⬜️🟨⬜️,17.9754410661697
,88,1561,2,FRITZ,user_4,gyyby,🟩🟨🟨⬜️🟨,48.7048764408546
,89,1561,3,FRITZ,user_4,ggggg,🟩🟩🟩🟩🟩,130
,90,1562,1,GOOEY,user_4,byybb,⬜️🟨🟨⬜️⬜️,17.9754410661697
,91,1562,2,GOOEY,user_4,ggbbb,🟩🟩⬜️⬜️⬜️,55.6499587072
,92,1562,3,GOOEY,user_4,gggbg,🟩🟩🟩⬜️🟩,105.2166529024
,93,1562,4,GOOEY,user_4,ggggg,🟩🟩🟩🟩🟩,130
,94,1563,1,CIVIL,user_4,bbbbb,⬜️⬜️⬜️⬜️⬜️,6.083264512
,95,1563,2,CIVIL,user_4,bgbbb,⬜️🟩⬜️⬜️⬜️,30.8666116096
,96,1563,3,CIVIL,user_4,ggggg,🟩🟩🟩🟩🟩,130
,97,1564,1,GEESE,user_4,bbbbb,⬜️⬜️⬜️⬜️⬜️,6.083264512
,98,1564,2,GEESE,user_4,ybgbb,🟨⬜️🟩⬜️⬜️,36.8126998866849
,99,1564,3,GEESE,user_4,ggggg,🟩🟩🟩🟩🟩,130
,100,1565,1,SPOIL,user_4,gbbgg,🟩⬜️⬜️🟩🟩,80.4333058048
,101,1565,2,SPOIL,user_4,ggggg,🟩🟩🟩🟩🟩,130
,102,1566,1,WIDTH,user_4,bbbyb,⬜️⬜️⬜️🟨⬜️,12.0293527890849
,103,1566,2,WIDTH,user_4,ybbby,🟨⬜️⬜️⬜️🟨,17.9754410661697
,104,1566,3,WIDTH,user_4,ggggg,🟩🟩🟩🟩🟩,130
,105,1567,1,SPASM,user_4,bbbbb,⬜️⬜️⬜️⬜️⬜️,6.083264512
,106,1567,2,SPASM,user_4,gggbb,🟩🟩🟩⬜️⬜️,80.4333058048
,107,1567,3,SPASM,user_4,ggggg,🟩🟩🟩🟩🟩,130
,108,1568,1,RELAY,user_4,ggbby,🟩🟩⬜️⬜️🟨,61.5960469842849
,109,1568,2,RELAY,user_4,ggggg,🟩🟩🟩🟩🟩,130
,110,1569,1,PLANE,user_4,gggby,🟩🟩🟩⬜️🟨,86.3793940818849
,111,1569,2,PLANE,user_4,ggggg,🟩🟩🟩🟩🟩,130
,112,1570,1,AMUSE,user_4,bybby,⬜️🟨⬜️⬜️🟨,17.9754410661697
,113,1570,2,AMUSE,user_4,bbgbb,⬜️⬜️🟩⬜️⬜️,30.8666116096
,114,1570,3,AMUSE,user_4,gbggg,🟩⬜️🟩🟩🟩,105.2166529024
,115,1570,4,AMUSE,user_4,ggggg,🟩🟩🟩🟩🟩,130
,116,1571,1,NYLON,user_4,bbbbb,⬜️⬜️⬜️⬜️⬜️,6.083264512
,117,1571,2,NYLON,user_4,byybb,⬜️🟨🟨⬜️⬜️,17.9754410661697
,118,1571,3,NYLON,user_4,bygbb,⬜️🟨🟩⬜️⬜️,36.8126998866849
,119,1571,4,NYLON,user_4,ggggg,🟩🟩🟩🟩🟩,130
,120,1572,1,ANNOY,user_4,bbbby,⬜️⬜️⬜️⬜️🟨,12.0293527890849
,121,1572,2,ANNOY,user_4,gbybb,🟩⬜️🟨⬜️⬜️,36.8126998866849
,122,1572,3,ANNOY,user_4,yybbb,🟨🟨⬜️⬜️⬜️,17.9754410661697
,123,1572,4,ANNOY,user_4,ggggg,🟩🟩🟩🟩🟩,130
,124,1573,1,HARDY,user_4,ybbby,🟨⬜️⬜️⬜️🟨,17.9754410661697
,125,1573,2,HARDY,user_4,bbbbb,⬜️⬜️⬜️⬜️⬜️,6.083264512
,126,1573,3,HARDY,user_4,ggggg,🟩🟩🟩🟩🟩,130
,127,1574,1,LEVER,user_4,ygbbb,🟨🟩⬜️⬜️⬜️,36.8126998866849
,128,1574,2,LEVER,user_4,bgybb,⬜️🟩🟨⬜️⬜️,36.8126998866849
,129,1574,3,LEVER,user_4,ggggg,🟩🟩🟩🟩🟩,130
,130,1575,1,STACK,user_4,bbbby,⬜️⬜️⬜️⬜️🟨,12.0293527890849
,131,1575,2,STACK,user_4,bbggg,⬜️⬜️🟩🟩🟩,80.4333058048
,132,1575,3,STACK,user_4,ggggg,🟩🟩🟩🟩🟩,130
,133,1576,1,WOUND,user_4,bbbbb,⬜️⬜️⬜️⬜️⬜️,6.083264512
,134,1576,2,WOUND,user_4,bgggg,⬜️🟩🟩🟩🟩,105.2166529024
,135,1576,3,WOUND,user_4,ggggg,🟩🟩🟩🟩🟩,130
,136,1577,1,BEARD,user_4,ygbby,🟨🟩⬜️⬜️🟨,42.7587881637697
,137,1577,2,BEARD,user_4,ygggb,🟨🟩🟩🟩⬜️,86.3793940818849
,138,1577,3,BEARD,user_4,ggggg,🟩🟩🟩🟩🟩,130
,139,1578,1,FORUM,user_4,ybbbb,🟨⬜️⬜️⬜️⬜️,12.0293527890849
,140,1578,2,FORUM,user_4,bbyyb,⬜️⬜️🟨🟨⬜️,17.9754410661697
,141,1578,3,FORUM,user_4,ggggg,🟩🟩🟩🟩🟩,130
,142,1579,1,SPOOF,user_4,bbbbb,⬜️⬜️⬜️⬜️⬜️,6.083264512
,143,1579,2,SPOOF,user_4,gggbb,🟩🟩🟩⬜️⬜️,80.4333058048
,144,1579,3,SPOOF,user_4,ggggb,🟩🟩🟩🟩⬜️,105.2166529024
,145,1579,4,SPOOF,user_4,ggggg,🟩🟩🟩🟩🟩,130
,146,1580,1,CATTY,user_4,bbbby,⬜️⬜️⬜️⬜️🟨,12.0293527890849
,147,1580,2,CATTY,user_4,ygbbg,🟨🟩⬜️⬜️🟩,61.5960469842849
,148,1580,3,CATTY,user_4,ggggg,🟩🟩🟩🟩🟩,130
,149,1581,1,GROSS,user_4,ybybb,🟨⬜️🟨⬜️⬜️,17.9754410661697
,150,1581,2,GROSS,user_4,ggbbb,🟩🟩⬜️⬜️⬜️,55.6499587072
,151,1581,3,GROSS,user_4,Ggggg,🟩🟩🟩🟩🟩,130
,152,1582,1,HAVEN,user_4,bybby,⬜️🟨⬜️⬜️🟨,17.9754410661697
,153,1582,2,HAVEN,user_4,ggggg,🟩🟩🟩🟩🟩,130
,154,1583,1,IDEAL,user_4,bybyy,⬜️🟨⬜️🟨🟨,23.9215293432546
,155,1583,2,IDEAL,user_4,ggggb,🟩🟩🟩🟩⬜️,105.2166529024
,156,1583,3,IDEAL,user_4,ggggg,🟩🟩🟩🟩🟩,130
,157,1584,1,LIMBO,user_4,bbbyb,⬜️⬜️⬜️🟨⬜️,12.0293527890849
,158,1584,2,LIMBO,user_4,gbgyb,🟩⬜️🟩🟨⬜️,61.5960469842849
,159,1584,3,LIMBO,user_4,ggggg,🟩🟩🟩🟩🟩,130
,160,1585,1,DETOX,user_4,bgbbb,⬜️🟩⬜️⬜️⬜️,30.8666116096
,161,1585,2,DETOX,user_4,bbgyb,⬜️⬜️🟩🟨⬜️,36.8126998866849
,162,1585,3,DETOX,user_4,ggggg,🟩🟩🟩🟩🟩,130
,163,1586,1,STUNT,user_4,bbbbb,⬜️⬜️⬜️⬜️⬜️,6.083264512
,164,1586,2,STUNT,user_4,gbgbb,🟩⬜️🟩⬜️⬜️,55.6499587072
,165,1586,3,STUNT,user_4,ggbbb,🟩🟩⬜️⬜️⬜️,55.6499587072
,166,1586,4,STUNT,user_4,ggggg,🟩🟩🟩🟩🟩,130
,167,1587,1,DRILL,user_4,ybbyb,🟨⬜️⬜️🟨⬜️,17.9754410661697
,168,1587,2,DRILL,user_4,gggbb,🟩🟩🟩⬜️⬜️,80.4333058048
,169,1587,3,DRILL,user_4,ggggg,🟩🟩🟩🟩🟩,130
,170,1588,1,TUBER,user_4,yybbb,🟨🟨⬜️⬜️⬜️,17.9754410661697
,171,1588,2,TUBER,user_4,bbbgg,⬜️⬜️⬜️🟩🟩,55.6499587072
,172,1588,3,TUBER,user_4,bgbyb,⬜️🟩⬜️🟨⬜️,36.8126998866849
,173,1588,4,TUBER,user_4,ggggg,🟩🟩🟩🟩🟩,130
,174,1589,1,GAUGE,user_4,byyby,⬜️🟨🟨⬜️🟨,23.9215293432546
,175,1589,2,GAUGE,user_4,ggggg,🟩🟩🟩🟩🟩,130
,176,1589,1,GAUGE,user_5,ybbbb,🟨⬜️⬜️⬜️⬜️,12.0293527890849
,177,1589,2,GAUGE,user_5,byybb,⬜️🟨🟨⬜️⬜️,17.9754410661697
,178,1589,3,GAUGE,user_5,bgbyb,⬜️🟩⬜️🟨⬜️,36.8126998866849
,179,1589,4,GAUGE,user_5,ggggg,🟩🟩🟩🟩🟩,130
,180,1589,1,GAUGE,user_6,yybbb,🟨🟨⬜️⬜️⬜️,17.9754410661697
,181,1589,2,GAUGE,user_6,bbybb,⬜️⬜️🟨⬜️⬜️,12.0293527890849
,182,1589,3,GAUGE,user_6,byybg,⬜️🟨🟨⬜️🟩,42.7587881637697
,183,1589,4,GAUGE,user_6,ggggg,🟩🟩🟩🟩🟩,130
,184,1589,1,GAUGE,user_7,bbbbb,⬜️⬜️⬜️⬜️⬜️,6.083264512
,185,1589,2,GAUGE,user_7,ybbbg,🟨⬜️⬜️⬜️🟩,36.8126998866849
,186,1589,3,GAUGE,user_7,bgbbg,⬜️🟩⬜️⬜️🟩,55.6499587072
,187,1589,4,GAUGE,user_7,bgbbg,⬜️🟩⬜️⬜️🟩,55.6499587072
,188,1589,5,GAUGE,user_7,ggggg,🟩🟩🟩🟩🟩,130
,189,1589,1,GAUGE,user_8,bgbyb,⬜️🟩⬜️🟨⬜️,36.8126998866849
,190,1589,2,GAUGE,user_8,bgbbg,⬜️🟩⬜️⬜️🟩,55.6499587072
,191,1589,3,GAUGE,user_8,bgbyg,⬜️🟩⬜️🟨🟩,61.5960469842849
,192,1589,4,GAUGE,user_8,bggbg,⬜️🟩🟩⬜️🟩,80.4333058048
,193,1589,5,GAUGE,user_8,ggggg,🟩🟩🟩🟩🟩,130
,194,1590,1,PLUMP,user_5,bbgbb,⬜️⬜️🟩⬜️⬜️,30.8666116096
,195,1590,2,PLUMP,user_5,bbgbb,⬜️⬜️🟩⬜️⬜️,30.8666116096
,196,1590,3,PLUMP,user_5,ggggg,🟩🟩🟩🟩🟩,130
,197,1590,1,PLUMP,user_8,bbgbb,⬜️⬜️🟩⬜️⬜️,30.8666116096
,198,1590,2,PLUMP,user_8,bggbb,⬜️🟩🟩⬜️⬜️,55.6499587072
,199,1590,3,PLUMP,user_8,bgggg,⬜️🟩🟩🟩🟩,105.2166529024
,200,1590,4,PLUMP,user_8,ggggg,🟩🟩🟩🟩🟩,130
,201,1590,1,PLUMP,user_9,bbbby,⬜️⬜️⬜️⬜️🟨,12.0293527890849
,202,1590,2,PLUMP,user_9,bbbgg,⬜️⬜️⬜️🟩🟩,55.6499587072
,203,1590,3,PLUMP,user_9,bgbgg,⬜️🟩⬜️🟩🟩,80.4333058048
,204,1590,4,PLUMP,user_9,ggggg,🟩🟩🟩🟩🟩,130
,205,1590,1,PLUMP,user_10,bbbbb,⬜️⬜️⬜️⬜️⬜️,6.083264512
,206,1590,2,PLUMP,user_10,byybg,⬜️🟨🟨⬜️🟩,42.7587881637697
,207,1590,3,PLUMP,user_10,bgggg,⬜️🟩🟩🟩🟩,105.2166529024
,208,1590,4,PLUMP,user_10,ggggg,🟩🟩🟩🟩🟩,130
,209,1590,1,PLUMP,user_0,bbbby,⬜️⬜️⬜️⬜️🟨,12.0293527890849
,210,1590,2,PLUMP,user_0,bbbyb,⬜️⬜️⬜️🟨⬜️,12.0293527890849
,211,1590,3,PLUMP,user_0,yybbb,🟨🟨⬜️⬜️⬜️,17.9754410661697
,212,1590,4,PLUMP,user_0,ggggb,🟩🟩🟩🟩⬜️,105.2166529024
,213,1590,5,PLUMP,user_0,ggggg,🟩🟩🟩🟩🟩,130
,214,1590,1,PLUMP,user_1,bbbbb,⬜️⬜️⬜️⬜️⬜️,6.083264512
,215,1590,2,PLUMP,user_1,bgbyb,⬜️🟩⬜️🟨⬜️,36.8126998866849
,216,1590,3,PLUMP,user_1,bbbbb,⬜️⬜️⬜️⬜️⬜️,6.083264512
,217,1590,4,PLUMP,user_1,ggggb,🟩🟩🟩🟩⬜️,105.2166529024
,218,1590,5,PLUMP,user_1,ggggg,🟩🟩🟩🟩🟩,130
,219,1590,1,PLUMP,user_11,bbbbb,⬜️⬜️⬜️⬜️⬜️,6.083264512
,220,1590,2,PLUMP,user_11,bbbbb,⬜️⬜️⬜️⬜️⬜️,6.083264512
,221,1590,3,PLUMP,user_11,ybbbb,🟨⬜️⬜️⬜️⬜️,12.0293527890849
,222,1590,4,PLUMP,user_11,ggggb,🟩🟩🟩🟩⬜️,105.2166529024
,223,1590,5,PLUMP,user_11,ggggg,🟩🟩🟩🟩🟩,130
,224,1590,1,PLUMP,user_12,bbbbb,⬜️⬜️⬜️⬜️⬜️,6.083264512
,225,1590,2,PLUMP,user_12,bbbby,⬜️⬜️⬜️⬜️🟨,12.0293527890849
,226,1590,3,PLUMP,user_12,bybbb,⬜️🟨⬜️⬜️⬜️,12.0293527890849
,227,1590,4,PLUMP,user_12,gggbb,🟩🟩🟩⬜️⬜️,80.4333058048
,228,1590,5,PLUMP,user_12,ggggg,🟩🟩🟩🟩🟩,130
,229,1590,1,PLUMP,user_4,bbbbb,⬜️⬜️⬜️⬜️⬜️,6.083264512
,230,1590,2,PLUMP,user_4,ybgbb,🟨⬜️🟩⬜️⬜️,36.8126998866849
,231,1590,3,PLUMP,user_4,bgggg,⬜️🟩🟩🟩🟩,105.2166529024
,232,1590,4,PLUMP,user_4,bgggg,⬜️🟩🟩🟩🟩,105.2166529024
,233,1590,5,PLUMP,user_4,bgggg,⬜️🟩🟩🟩🟩,105.2166529024
,234,1590,6,PLUMP,user_4,ggggg,🟩🟩🟩🟩🟩,130
,235,1591,1,FETID,user_4,bgbgb,⬜️🟩⬜️🟩⬜️,55.6499587072
,236,1591,2,FETID,user_4,gbbbg,🟩⬜️⬜️⬜️🟩,55.6499587072
,237,1591,3,FETID,user_4,ggggg,🟩🟩🟩🟩🟩,130
,238,1591,1,FETID,user_1,ggbyb,🟩🟩⬜️🟨⬜️,61.5960469842849
,239,1591,2,FETID,user_1,gggbb,🟩🟩🟩⬜️⬜️,80.4333058048
,240,1591,3,FETID,user_1,ggggg,🟩🟩🟩🟩🟩,130
,241,1591,1,FETID,user_13,bbbby,⬜️⬜️⬜️⬜️🟨,12.0293527890849
,242,1591,2,FETID,user_13,byybb,⬜️🟨🟨⬜️⬜️,17.9754410661697
,243,1591,3,FETID,user_13,ygbbb,🟨🟩⬜️⬜️⬜️,36.8126998866849
,244,1591,4,FETID,user_13,ggggg,🟩🟩🟩🟩🟩,130
,245,1591,1,FETID,user_9,bbbby,⬜️⬜️⬜️⬜️🟨,12.0293527890849
,246,1591,2,FETID,user_9,ybbbb,🟨⬜️⬜️⬜️⬜️,12.0293527890849
,247,1591,3,FETID,user_9,bygyb,⬜️🟨🟩🟨⬜️,42.7587881637697
,248,1591,4,FETID,user_9,ggggg,🟩🟩🟩🟩🟩,130
,249,1591,1,FETID,user_14,bbygb,⬜️⬜️🟨🟩⬜️,36.8126998866849
,250,1591,2,FETID,user_14,ygbgb,🟨🟩⬜️🟩⬜️,61.5960469842849
,251,1591,3,FETID,user_14,bgbgg,⬜️🟩⬜️🟩🟩,80.4333058048
,252,1591,4,FETID,user_14,ggggg,🟩🟩🟩🟩🟩,130
,253,1591,1,FETID,user_15,bbybb,⬜️⬜️🟨⬜️⬜️,12.0293527890849
,254,1591,2,FETID,user_15,bbbby,⬜️⬜️⬜️⬜️🟨,12.0293527890849
,255,1591,3,FETID,user_15,ygybb,🟨🟩🟨⬜️⬜️,42.7587881637697
,256,1591,4,FETID,user_15,ggggg,🟩🟩🟩🟩🟩,130
,257,1591,1,FETID,user_8,bbbbb,⬜️⬜️⬜️⬜️⬜️,6.083264512
,258,1591,2,FETID,user_8,ybybb,🟨⬜️🟨⬜️⬜️,17.9754410661697
,259,1591,3,FETID,user_8,ggyby,🟩🟩🟨⬜️🟨,67.5421352613697
,260,1591,4,FETID,user_8,ggggg,🟩🟩🟩🟩🟩,130
,261,1591,1,FETID,user_16,bgbgb,⬜️🟩⬜️🟩⬜️,55.6499587072
,262,1591,2,FETID,user_16,bgbgb,⬜️🟩⬜️🟩⬜️,55.6499587072
,263,1591,3,FETID,user_16,ggbgb,🟩🟩⬜️🟩⬜️,80.4333058048
,264,1591,4,FETID,user_16,ggggg,🟩🟩🟩🟩🟩,130
,265,1591,1,FETID,user_0,byyyb,⬜️🟨🟨🟨⬜️,23.9215293432546
,266,1591,2,FETID,user_0,yyyyb,🟨🟨🟨🟨⬜️,29.8676176203394
,267,1591,3,FETID,user_0,ybyyg,🟨⬜️🟨🟨🟩,48.7048764408546
,268,1591,4,FETID,user_0,ygbgg,🟨🟩⬜️🟩🟩,86.3793940818849
,269,1591,5,FETID,user_0,ggggg,🟩🟩🟩🟩🟩,130
,270,1591,1,FETID,user_11,ybybb,🟨⬜️🟨⬜️⬜️,17.9754410661697
,271,1591,2,FETID,user_11,byybb,⬜️🟨🟨⬜️⬜️,17.9754410661697
,272,1591,3,FETID,user_11,bygyb,⬜️🟨🟩🟨⬜️,42.7587881637697
,273,1591,4,FETID,user_11,bgggb,⬜️🟩🟩🟩⬜️,80.4333058048
,274,1591,5,FETID,user_11,ggggg,🟩🟩🟩🟩🟩,130
,275,1591,1,FETID,user_17,bbbyy,⬜️⬜️⬜️🟨🟨,17.9754410661697
,276,1591,2,FETID,user_17,ygbbb,🟨🟩⬜️⬜️⬜️,36.8126998866849
,277,1591,3,FETID,user_17,bbbyb,⬜️⬜️⬜️🟨⬜️,12.0293527890849
,278,1591,4,FETID,user_17,bggbg,⬜️🟩🟩⬜️🟩,80.4333058048
,279,1591,5,FETID,user_17,ggggg,🟩🟩🟩🟩🟩,130
,280,1591,1,FETID,user_12,bgbgb,⬜️🟩⬜️🟩⬜️,55.6499587072
,281,1591,2,FETID,user_12,yybyb,🟨🟨⬜️🟨⬜️,23.9215293432546
,282,1591,3,FETID,user_12,gyybg,🟩🟨🟨⬜️🟩,67.5421352613697
,283,1591,4,FETID,user_12,gbyyg,🟩⬜️🟨🟨🟩,67.5421352613697
,284,1591,5,FETID,user_12,ggbgg,🟩🟩⬜️🟩🟩,105.2166529024
,285,1591,6,FETID,user_12,ggggg,🟩🟩🟩🟩🟩,130
,286,1591,1,FETID,user_10,bgbbb,⬜️🟩⬜️⬜️⬜️,30.8666116096
,287,1591,2,FETID,user_10,bgbgb,⬜️🟩⬜️🟩⬜️,55.6499587072
,288,1591,3,FETID,user_10,bgygb,⬜️🟩🟨🟩⬜️,61.5960469842849
,289,1591,4,FETID,user_10,ygbgy,🟨🟩⬜️🟩🟨,67.5421352613697
,290,1591,5,FETID,user_10,ygbgg,🟨🟩⬜️🟩🟩,86.3793940818849
,291,1591,6,FETID,user_10,ggggg,🟩🟩🟩🟩🟩,130
,292,1592,1,HOLLY,user_16,bbbbb,⬜️⬜️⬜️⬜️⬜️,6.083264512
,293,1592,2,HOLLY,user_16,bgbby,⬜️🟩⬜️⬜️🟨,36.8126998866849
,294,1592,3,HOLLY,user_16,ggggg,🟩🟩🟩🟩🟩,130
,295,1592,1,HOLLY,user_13,bbbbb,⬜️⬜️⬜️⬜️⬜️,6.083264512
,296,1592,2,HOLLY,user_13,byybb,⬜️🟨🟨⬜️⬜️,17.9754410661697
,297,1592,3,HOLLY,user_13,gggbb,🟩🟩🟩⬜️⬜️,80.4333058048
,298,1592,4,HOLLY,user_13,ggggg,🟩🟩🟩🟩🟩,130
,299,1592,1,HOLLY,user_3,bbbby,⬜️⬜️⬜️⬜️🟨,12.0293527890849
,300,1592,2,HOLLY,user_3,bgbbb,⬜️🟩⬜️⬜️⬜️,30.8666116096
,301,1592,3,HOLLY,user_3,gbbby,🟩⬜️⬜️⬜️🟨,36.8126998866849
,302,1592,4,HOLLY,user_3,ggggg,🟩🟩🟩🟩🟩,130
,303,1592,1,HOLLY,user_4,bbbbb,⬜️⬜️⬜️⬜️⬜️,6.083264512
,304,1592,2,HOLLY,user_4,bbbbg,⬜️⬜️⬜️⬜️🟩,30.8666116096
,305,1592,3,HOLLY,user_4,ggbbg,🟩🟩⬜️⬜️🟩,80.4333058048
,306,1592,4,HOLLY,user_4,ggggg,🟩🟩🟩🟩🟩,130
,307,1592,1,HOLLY,user_8,bgbbb,⬜️🟩⬜️⬜️⬜️,30.8666116096
,308,1592,2,HOLLY,user_8,ggbbb,🟩🟩⬜️⬜️⬜️,55.6499587072
,309,1592,3,HOLLY,user_8,ggbbb,🟩🟩⬜️⬜️⬜️,55.6499587072
,310,1592,4,HOLLY,user_8,ggbgg,🟩🟩⬜️🟩🟩,105.2166529024
,311,1592,5,HOLLY,user_8,ggggg,🟩🟩🟩🟩🟩,130
,312,1592,1,HOLLY,user_17,bbbby,⬜️⬜️⬜️⬜️🟨,12.0293527890849
,313,1592,2,HOLLY,user_17,byybb,⬜️🟨🟨⬜️⬜️,17.9754410661697
,314,1592,3,HOLLY,user_17,ggbbb,🟩🟩⬜️⬜️⬜️,55.6499587072
,315,1592,4,HOLLY,user_17,ggbbg,🟩🟩⬜️⬜️🟩,80.4333058048
,316,1592,5,HOLLY,user_17,ggggg,🟩🟩🟩🟩🟩,130
,317,1592,1,HOLLY,user_12,bbbbb,⬜️⬜️⬜️⬜️⬜️,6.083264512
,318,1592,2,HOLLY,user_12,bbbbb,⬜️⬜️⬜️⬜️⬜️,6.083264512
,319,1592,3,HOLLY,user_12,bgbbg,⬜️🟩⬜️⬜️🟩,55.6499587072
,320,1592,4,HOLLY,user_12,ggbbg,🟩🟩⬜️⬜️🟩,80.4333058048
,321,1592,5,HOLLY,user_12,ggbbg,🟩🟩⬜️⬜️🟩,80.4333058048
,322,1592,6,HOLLY,user_12,ggggg,🟩🟩🟩🟩🟩,130
,323,1592,1,HOLLY,user_9,bbbbb,⬜️⬜️⬜️⬜️⬜️,6.083264512
,324,1592,2,HOLLY,user_9,bgbbb,⬜️🟩⬜️⬜️⬜️,30.8666116096
,325,1592,3,HOLLY,user_9,bgbbb,⬜️🟩⬜️⬜️⬜️,30.8666116096
,326,1592,4,HOLLY,user_9,bgbbg,⬜️🟩⬜️⬜️🟩,55.6499587072
,327,1592,5,HOLLY,user_9,bggbg,⬜️🟩🟩⬜️🟩,80.4333058048
,328,1592,6,HOLLY,user_9,bgggg,⬜️🟩🟩🟩🟩,105.2166529024
,329,1592,1,HOLLY,user_10,bbybb,⬜️⬜️🟨⬜️⬜️,12.0293527890849
,330,1592,2,HOLLY,user_10,bggbb,⬜️🟩🟩⬜️⬜️,55.6499587072
,331,1592,3,HOLLY,user_10,bgggg,⬜️🟩🟩🟩🟩,105.2166529024
,332,1592,4,HOLLY,user_10,bgggg,⬜️🟩🟩🟩🟩,105.2166529024
,333,1592,5,HOLLY,user_10,bgggg,⬜️🟩🟩🟩🟩,105.2166529024
,334,1592,6,HOLLY,user_10,bgggg,⬜️🟩🟩🟩🟩,105.2166529024
,335,1592,1,HOLLY,user_15,bybbb,⬜️🟨⬜️⬜️⬜️,12.0293527890849
,336,1592,2,HOLLY,user_15,ygbbg,🟨🟩⬜️⬜️🟩,61.5960469842849
,337,1592,3,HOLLY,user_15,bgggg,⬜️🟩🟩🟩🟩,105.2166529024
,338,1592,4,HOLLY,user_15,bgggg,⬜️🟩🟩🟩🟩,105.2166529024
,339,1592,5,HOLLY,user_15,bgggg,⬜️🟩🟩🟩🟩,105.2166529024
,340,1592,6,HOLLY,user_15,bgggg,⬜️🟩🟩🟩🟩,105.2166529024
,341,1593,1,GLARE,user_13,bggby,⬜️🟩🟩⬜️🟨,61.5960469842849
,342,1593,2,GLARE,user_13,ggggg,🟩🟩🟩🟩🟩,130
,343,1593,1,GLARE,user_4,yyyby,🟨🟨🟨⬜️🟨,29.8676176203394
,344,1593,2,GLARE,user_4,ggggg,🟩🟩🟩🟩🟩,130
,345,1593,1,GLARE,user_18,ybbbb,🟨⬜️⬜️⬜️⬜️,12.0293527890849
,346,1593,2,GLARE,user_18,bbggg,⬜️⬜️🟩🟩🟩,80.4333058048
,347,1593,3,GLARE,user_18,ggggg,🟩🟩🟩🟩🟩,130
,348,1593,1,GLARE,user_0,ybbyb,🟨⬜️⬜️🟨⬜️,17.9754410661697
,349,1593,2,GLARE,user_0,gygbg,🟩🟨🟩⬜️🟩,86.3793940818849
,350,1593,3,GLARE,user_0,ggggg,🟩🟩🟩🟩🟩,130
,351,1593,1,GLARE,user_12,yyyby,🟨🟨🟨⬜️🟨,29.8676176203394
,352,1593,2,GLARE,user_12,gyyyb,🟩🟨🟨🟨⬜️,48.7048764408546
,353,1593,3,GLARE,user_12,gyggb,🟩🟨🟩🟩⬜️,86.3793940818849
,354,1593,4,GLARE,user_12,ggggg,🟩🟩🟩🟩🟩,130
,355,1593,1,GLARE,user_15,bgyyy,⬜️🟩🟨🟨🟨,48.7048764408546
,356,1593,2,GLARE,user_15,bgggg,⬜️🟩🟩🟩🟩,105.2166529024
,357,1593,3,GLARE,user_15,bgggg,⬜️🟩🟩🟩🟩,105.2166529024
,358,1593,4,GLARE,user_15,ggggg,🟩🟩🟩🟩🟩,130
,359,1593,1,GLARE,user_8,bbybg,⬜️⬜️🟨⬜️🟩,36.8126998866849
,360,1593,2,GLARE,user_8,bybbg,⬜️🟨⬜️⬜️🟩,36.8126998866849
,361,1593,3,GLARE,user_8,bgggg,⬜️🟩🟩🟩🟩,105.2166529024
,362,1593,4,GLARE,user_8,ggggg,🟩🟩🟩🟩🟩,130
,363,1593,1,GLARE,user_2,byybb,⬜️🟨🟨⬜️⬜️,17.9754410661697
,364,1593,2,GLARE,user_2,yygbb,🟨🟨🟩⬜️⬜️,42.7587881637697
,365,1593,3,GLARE,user_2,bgggg,⬜️🟩🟩🟩🟩,105.2166529024
,366,1593,4,GLARE,user_2,ggggg,🟩🟩🟩🟩🟩,130
,367,1593,1,GLARE,user_19,bygbg,⬜️🟨🟩⬜️🟩,61.5960469842849
,368,1593,2,GLARE,user_19,bbggg,⬜️⬜️🟩🟩🟩,80.4333058048
,369,1593,3,GLARE,user_19,bbybb,⬜️⬜️🟨⬜️⬜️,12.0293527890849
,370,1593,4,GLARE,user_19,gbbbb,🟩⬜️⬜️⬜️⬜️,30.8666116096
,371,1593,5,GLARE,user_19,ggggg,🟩🟩🟩🟩🟩,130
,372,1593,1,GLARE,user_10,yybbb,🟨🟨⬜️⬜️⬜️,17.9754410661697
,373,1593,2,GLARE,user_10,bggbg,⬜️🟩🟩⬜️🟩,80.4333058048
,374,1593,3,GLARE,user_10,bggbg,⬜️🟩🟩⬜️🟩,80.4333058048
,375,1593,4,GLARE,user_10,gggbg,🟩🟩🟩⬜️🟩,105.2166529024
,376,1593,5,GLARE,user_10,gggbg,🟩🟩🟩⬜️🟩,105.2166529024
,377,1593,6,GLARE,user_10,ggggg,🟩🟩🟩🟩🟩,130
,378,1593,1,GLARE,user_17,ybbbb,🟨⬜️⬜️⬜️⬜️,12.0293527890849
,379,1593,2,GLARE,user_17,bggbb,⬜️🟩🟩⬜️⬜️,55.6499587072
,380,1593,3,GLARE,user_17,bggbg,⬜️🟩🟩⬜️🟩,80.4333058048
,381,1593,4,GLARE,user_17,bggbg,⬜️🟩🟩⬜️🟩,80.4333058048
,382,1593,5,GLARE,user_17,bggbg,⬜️🟩🟩⬜️🟩,80.4333058048
,383,1593,6,GLARE,user_17,ggggg,🟩🟩🟩🟩🟩,130
,384,1593,1,GLARE,user_3,yyybb,🟨🟨🟨⬜️⬜️,23.9215293432546
,385,1593,2,GLARE,user_3,bbbbb,⬜️⬜️⬜️⬜️⬜️,6.083264512
,386,1593,3,GLARE,user_3,bbyyy,⬜️⬜️🟨🟨🟨,23.9215293432546
,387,1593,4,GLARE,user_3,yyyyb,🟨🟨🟨🟨⬜️,29.8676176203394
,388,1593,5,GLARE,user_3,gygby,🟩🟨🟩⬜️🟨,67.5421352613697
,389,1593,6,GLARE,user_3,ggggg,🟩🟩🟩🟩🟩,130
,390,1594,1,LATHE,user_16,bybbb,⬜️🟨⬜️⬜️⬜️,12.0293527890849
,391,1594,2,LATHE,user_16,ygbyy,🟨🟩⬜️🟨🟨,48.7048764408546
,392,1594,3,LATHE,user_16,ggggg,🟩🟩🟩🟩🟩,130
,393,1594,1,LATHE,user_4,bybby,⬜️🟨⬜️⬜️🟨,17.9754410661697
,394,1594,2,LATHE,user_4,bgggg,⬜️🟩🟩🟩🟩,105.2166529024
,395,1594,3,LATHE,user_4,ggggg,🟩🟩🟩🟩🟩,130
,396,1594,1,LATHE,user_19,bbybg,⬜️⬜️🟨⬜️🟩,36.8126998866849
,397,1594,2,LATHE,user_19,byybg,⬜️🟨🟨⬜️🟩,42.7587881637697
,398,1594,3,LATHE,user_19,ybbbb,🟨⬜️⬜️⬜️⬜️,12.0293527890849
,399,1594,4,LATHE,user_19,ggggg,🟩🟩🟩🟩🟩,130
,400,1594,1,LATHE,user_0,ybbyb,🟨⬜️⬜️🟨⬜️,17.9754410661697
,401,1594,2,LATHE,user_0,byybg,⬜️🟨🟨⬜️🟩,42.7587881637697
,402,1594,3,LATHE,user_0,bgggg,⬜️🟩🟩🟩🟩,105.2166529024
,403,1594,4,LATHE,user_0,ggggg,🟩🟩🟩🟩🟩,130
,404,1594,1,LATHE,user_3,ygbyy,🟨🟩⬜️🟨🟨,48.7048764408546
,405,1594,2,LATHE,user_3,yggyb,🟨🟩🟩🟨⬜️,67.5421352613697
,406,1594,3,LATHE,user_3,bgggg,⬜️🟩🟩🟩🟩,105.2166529024
,407,1594,4,LATHE,user_3,ggggg,🟩🟩🟩🟩🟩,130
,408,1594,1,LATHE,user_8,byyby,⬜️🟨🟨⬜️🟨,23.9215293432546
,409,1594,2,LATHE,user_8,ygbyy,🟨🟩⬜️🟨🟨,48.7048764408546
,410,1594,3,LATHE,user_8,yggyb,🟨🟩🟩🟨⬜️,67.5421352613697
,411,1594,4,LATHE,user_8,ggggg,🟩🟩🟩🟩🟩,130
,412,1594,1,LATHE,user_1,yyybb,🟨🟨🟨⬜️⬜️,23.9215293432546
,413,1594,2,LATHE,user_1,gggyb,🟩🟩🟩🟨⬜️,86.3793940818849
,414,1594,3,LATHE,user_1,gggbg,🟩🟩🟩⬜️🟩,105.2166529024
,415,1594,4,LATHE,user_1,ggggg,🟩🟩🟩🟩🟩,130
,416,1594,1,LATHE,user_18,ybbbb,🟨⬜️⬜️⬜️⬜️,12.0293527890849
,417,1594,2,LATHE,user_18,byybg,⬜️🟨🟨⬜️🟩,42.7587881637697
,418,1594,3,LATHE,user_18,bgggg,⬜️🟩🟩🟩🟩,105.2166529024
,419,1594,4,LATHE,user_18,ggggg,🟩🟩🟩🟩🟩,130
,420,1594,1,LATHE,user_13,bbyby,⬜️⬜️🟨⬜️🟨,17.9754410661697
,421,1594,2,LATHE,user_13,bgbyb,⬜️🟩⬜️🟨⬜️,36.8126998866849
,422,1594,3,LATHE,user_13,ggbbg,🟩🟩⬜️⬜️🟩,80.4333058048
,423,1594,4,LATHE,user_13,gggbg,🟩🟩🟩⬜️🟩,105.2166529024
,424,1594,5,LATHE,user_13,ggggg,🟩🟩🟩🟩🟩,130
,425,1594,1,LATHE,user_12,bybby,⬜️🟨⬜️⬜️🟨,17.9754410661697
,426,1594,2,LATHE,user_12,byybb,⬜️🟨🟨⬜️⬜️,17.9754410661697
,427,1594,3,LATHE,user_12,ygbyb,🟨🟩⬜️🟨⬜️,42.7587881637697
,428,1594,4,LATHE,user_12,ygbyg,🟨🟩⬜️🟨🟩,67.5421352613697
,429,1594,5,LATHE,user_12,ggggg,🟩🟩🟩🟩🟩,130
,430,1594,1,LATHE,user_15,byyyb,⬜️🟨🟨🟨⬜️,23.9215293432546
,431,1594,2,LATHE,user_15,gyyby,🟩🟨🟨⬜️🟨,48.7048764408546
,432,1594,3,LATHE,user_15,gggbg,🟩🟩🟩⬜️🟩,105.2166529024
,433,1594,4,LATHE,user_15,gggbg,🟩🟩🟩⬜️🟩,105.2166529024
,434,1594,5,LATHE,user_15,ggggg,🟩🟩🟩🟩🟩,130
,435,1594,1,LATHE,user_17,ybbbb,🟨⬜️⬜️⬜️⬜️,12.0293527890849
,436,1594,2,LATHE,user_17,bbybg,⬜️⬜️🟨⬜️🟩,36.8126998866849
,437,1594,3,LATHE,user_17,bgggb,⬜️🟩🟩🟩⬜️,80.4333058048
,438,1594,4,LATHE,user_17,bgggg,⬜️🟩🟩🟩🟩,105.2166529024
,439,1594,5,LATHE,user_17,ggggg,🟩🟩🟩🟩🟩,130
,440,1594,1,LATHE,user_11,yybbb,🟨🟨⬜️⬜️⬜️,17.9754410661697
,441,1594,2,LATHE,user_11,byyyy,⬜️🟨🟨🟨🟨,29.8676176203394
,442,1594,3,LATHE,user_11,bgggg,⬜️🟩🟩🟩🟩,105.2166529024
,443,1594,4,LATHE,user_11,bgggg,⬜️🟩🟩🟩🟩,105.2166529024
,444,1594,5,LATHE,user_11,bgggg,⬜️🟩🟩🟩🟩,105.2166529024
,445,1594,6,LATHE,user_11,ggggg,🟩🟩🟩🟩🟩,130
,446,1595,1,ABHOR,user_10,gbybb,🟩⬜️🟨⬜️⬜️,36.8126998866849
,447,1595,2,ABHOR,user_10,ggggg,🟩🟩🟩🟩🟩,130
,448,1595,1,ABHOR,user_19,yyybb,🟨🟨🟨⬜️⬜️,23.9215293432546
,449,1595,2,ABHOR,user_19,byybb,⬜️🟨🟨⬜️⬜️,17.9754410661697
,450,1595,3,ABHOR,user_19,ggggg,🟩🟩🟩🟩🟩,130
,451,1595,1,ABHOR,user_4,ybbby,🟨⬜️⬜️⬜️🟨,17.9754410661697
,452,1595,2,ABHOR,user_4,ggyyb,🟩🟩🟨🟨⬜️,67.5421352613697
,453,1595,3,ABHOR,user_4,ggggg,🟩🟩🟩🟩🟩,130
,454,1595,1,ABHOR,user_15,bbbyg,⬜️⬜️⬜️🟨🟩,36.8126998866849
,455,1595,2,ABHOR,user_15,bybbg,⬜️🟨⬜️⬜️🟩,36.8126998866849
,456,1595,3,ABHOR,user_15,ggggg,🟩🟩🟩🟩🟩,130
,457,1595,1,ABHOR,user_18,gbbby,🟩⬜️⬜️⬜️🟨,36.8126998866849
,458,1595,2,ABHOR,user_18,yyybb,🟨🟨🟨⬜️⬜️,23.9215293432546
,459,1595,3,ABHOR,user_18,ggggg,🟩🟩🟩🟩🟩,130
,460,1595,1,ABHOR,user_0,gbbbb,🟩⬜️⬜️⬜️⬜️,30.8666116096
,461,1595,2,ABHOR,user_0,gbygb,🟩⬜️🟨🟩⬜️,61.5960469842849
,462,1595,3,ABHOR,user_0,gybgb,🟩🟨⬜️🟩⬜️,61.5960469842849
,463,1595,4,ABHOR,user_0,ggggg,🟩🟩🟩🟩🟩,130
,464,1595,1,ABHOR,user_17,gbbby,🟩⬜️⬜️⬜️🟨,36.8126998866849
,465,1595,2,ABHOR,user_17,byybb,⬜️🟨🟨⬜️⬜️,17.9754410661697
,466,1595,3,ABHOR,user_17,gbygb,🟩⬜️🟨🟩⬜️,61.5960469842849
,467,1595,4,ABHOR,user_17,gbbgg,🟩⬜️⬜️🟩🟩,80.4333058048
,468,1595,5,ABHOR,user_17,ggggg,🟩🟩🟩🟩🟩,130
,469,1595,1,ABHOR,user_13,bbbbb,⬜️⬜️⬜️⬜️⬜️,6.083264512
,470,1595,2,ABHOR,user_13,byybb,⬜️🟨🟨⬜️⬜️,17.9754410661697
,471,1595,3,ABHOR,user_13,byybb,⬜️🟨🟨⬜️⬜️,17.9754410661697
,472,1595,4,ABHOR,user_13,yyybb,🟨🟨🟨⬜️⬜️,23.9215293432546
,473,1595,5,ABHOR,user_13,ggggg,🟩🟩🟩🟩🟩,130
,474,1595,1,ABHOR,user_20,yybbb,🟨🟨⬜️⬜️⬜️,17.9754410661697
,475,1595,2,ABHOR,user_20,bbyyb,⬜️⬜️🟨🟨⬜️,17.9754410661697
,476,1595,3,ABHOR,user_20,bybby,⬜️🟨⬜️⬜️🟨,17.9754410661697
,477,1595,4,ABHOR,user_20,byybg,⬜️🟨🟨⬜️🟩,42.7587881637697
,478,1595,5,ABHOR,user_20,ggggg,🟩🟩🟩🟩🟩,130
,479,1595,1,ABHOR,user_3,byyby,⬜️🟨🟨⬜️🟨,23.9215293432546
,480,1595,2,ABHOR,user_3,bybbb,⬜️🟨⬜️⬜️⬜️,12.0293527890849
,481,1595,3,ABHOR,user_3,byyyb,⬜️🟨🟨🟨⬜️,23.9215293432546
,482,1595,4,ABHOR,user_3,yyyby,🟨🟨🟨⬜️🟨,29.8676176203394
,483,1595,5,ABHOR,user_3,ybbyy,🟨⬜️⬜️🟨🟨,23.9215293432546
,484,1595,6,ABHOR,user_3,ggggg,🟩🟩🟩🟩🟩,130
,485,1595,1,ABHOR,user_1,bbbyb,⬜️⬜️⬜️🟨⬜️,12.0293527890849
,486,1595,2,ABHOR,user_1,bybbb,⬜️🟨⬜️⬜️⬜️,12.0293527890849
,487,1595,3,ABHOR,user_1,bbybb,⬜️⬜️🟨⬜️⬜️,12.0293527890849
,488,1595,4,ABHOR,user_1,gbyyy,🟩⬜️🟨🟨🟨,48.7048764408546
,489,1595,5,ABHOR,user_1,gbygg,🟩⬜️🟨🟩🟩,86.3793940818849
,490,1595,6,ABHOR,user_1,ggggg,🟩🟩🟩🟩🟩,130
,491,1595,1,ABHOR,user_12,ybbby,🟨⬜️⬜️⬜️🟨,17.9754410661697
,492,1595,2,ABHOR,user_12,bybbg,⬜️🟨⬜️⬜️🟩,36.8126998866849
,493,1595,3,ABHOR,user_12,gbbbb,🟩⬜️⬜️⬜️⬜️,30.8666116096
,494,1595,4,ABHOR,user_12,gbbbg,🟩⬜️⬜️⬜️🟩,55.6499587072
,495,1595,5,ABHOR,user_12,bbybb,⬜️⬜️🟨⬜️⬜️,12.0293527890849
,496,1595,6,ABHOR,user_12,ggggg,🟩🟩🟩🟩🟩,130
,497,1595,1,ABHOR,user_8,Bbbbb,⬜️⬜️⬜️⬜️⬜️,6.083264512
,498,1595,2,ABHOR,user_8,byybb,⬜️🟨🟨⬜️⬜️,17.9754410661697
,499,1595,3,ABHOR,user_8,yybbb,🟨🟨⬜️⬜️⬜️,17.9754410661697
,500,1595,4,ABHOR,user_8,bybgg,⬜️🟨⬜️🟩🟩,61.5960469842849
,501,1595,5,ABHOR,user_8,bybgg,⬜️🟨⬜️🟩🟩,61.5960469842849
,502,1595,6,ABHOR,user_8,ggggg,🟩🟩🟩🟩🟩,130
,503,1596,1,MOTEL,user_4,bybbb,⬜️🟨⬜️⬜️⬜️,12.0293527890849
,504,1596,2,MOTEL,user_4,bbybb,⬜️⬜️🟨⬜️⬜️,12.0293527890849
,505,1596,3,MOTEL,user_4,ggggg,🟩🟩🟩🟩🟩,130
,506,1596,1,MOTEL,user_3,ybbyb,🟨⬜️⬜️🟨⬜️,17.9754410661697
,507,1596,2,MOTEL,user_3,ggbbb,🟩🟩⬜️⬜️⬜️,55.6499587072
,508,1596,3,MOTEL,user_3,ggggb,🟩🟩🟩🟩⬜️,105.2166529024
,509,1596,4,MOTEL,user_3,ggggg,🟩🟩🟩🟩🟩,130
,510,1596,1,MOTEL,user_17,bbbby,⬜️⬜️⬜️⬜️🟨,12.0293527890849
,511,1596,2,MOTEL,user_17,bgbyb,⬜️🟩⬜️🟨⬜️,36.8126998866849
,512,1596,3,MOTEL,user_17,bgggb,⬜️🟩🟩🟩⬜️,80.4333058048
,513,1596,4,MOTEL,user_17,ggggg,🟩🟩🟩🟩🟩,130
,514,1596,1,MOTEL,user_15,byybb,⬜️🟨🟨⬜️⬜️,17.9754410661697
,515,1596,2,MOTEL,user_15,bbbgg,⬜️⬜️⬜️🟩🟩,55.6499587072
,516,1596,3,MOTEL,user_15,ggbgg,🟩🟩⬜️🟩🟩,105.2166529024
,517,1596,4,MOTEL,user_15,ggggg,🟩🟩🟩🟩🟩,130
,518,1596,1,MOTEL,user_5,bybbb,⬜️🟨⬜️⬜️⬜️,12.0293527890849
,519,1596,2,MOTEL,user_5,bgygb,⬜️🟩🟨🟩⬜️,61.5960469842849
,520,1596,3,MOTEL,user_5,ygbgb,🟨🟩⬜️🟩⬜️,61.5960469842849
,521,1596,4,MOTEL,user_5,bgggg,⬜️🟩🟩🟩🟩,105.2166529024
,522,1596,5,MOTEL,user_5,ggggg,🟩🟩🟩🟩🟩,130
,523,1596,1,MOTEL,user_1,bybby,⬜️🟨⬜️⬜️🟨,17.9754410661697
,524,1596,2,MOTEL,user_1,ybybb,🟨⬜️🟨⬜️⬜️,17.9754410661697
,525,1596,3,MOTEL,user_1,bgggb,⬜️🟩🟩🟩⬜️,80.4333058048
,526,1596,4,MOTEL,user_1,bgggg,⬜️🟩🟩🟩🟩,105.2166529024
,527,1596,5,MOTEL,user_1,ggggg,🟩🟩🟩🟩🟩,130
,528,1596,1,MOTEL,user_18,bbbby,⬜️⬜️⬜️⬜️🟨,12.0293527890849
,529,1596,2,MOTEL,user_18,byyby,⬜️🟨🟨⬜️🟨,23.9215293432546
,530,1596,3,MOTEL,user_18,bgbgy,⬜️🟩⬜️🟩🟨,61.5960469842849
,531,1596,4,MOTEL,user_18,bgygy,⬜️🟩🟨🟩🟨,67.5421352613697
,532,1596,5,MOTEL,user_18,ggggg,🟩🟩🟩🟩🟩,130
,533,1596,1,MOTEL,user_10,byybb,⬜️🟨🟨⬜️⬜️,17.9754410661697
,534,1596,2,MOTEL,user_10,byyby,⬜️🟨🟨⬜️🟨,23.9215293432546
,535,1596,3,MOTEL,user_10,bgbby,⬜️🟩⬜️⬜️🟨,36.8126998866849
,536,1596,4,MOTEL,user_10,ygbgb,🟨🟩⬜️🟩⬜️,61.5960469842849
,537,1596,5,MOTEL,user_10,bgygy,⬜️🟩🟨🟩🟨,67.5421352613697
,538,1596,6,MOTEL,user_10,ggggg,🟩🟩🟩🟩🟩,130
,539,1596,1,MOTEL,user_19,bbbby,⬜️⬜️⬜️⬜️🟨,12.0293527890849
,540,1596,2,MOTEL,user_19,bbyby,⬜️⬜️🟨⬜️🟨,17.9754410661697
,541,1596,3,MOTEL,user_19,bbybb,⬜️⬜️🟨⬜️⬜️,12.0293527890849
,542,1596,4,MOTEL,user_19,bbbyb,⬜️⬜️⬜️🟨⬜️,12.0293527890849
,543,1596,5,MOTEL,user_19,ybbbg,🟨⬜️⬜️⬜️🟩,36.8126998866849
,544,1596,6,MOTEL,user_19,ggggg,🟩🟩🟩🟩🟩,130
,545,1597,1,RABID,user_15,bbbyy,⬜️⬜️⬜️🟨🟨,17.9754410661697
,546,1597,2,RABID,user_15,bbyyb,⬜️⬜️🟨🟨⬜️,17.9754410661697
,547,1597,3,RABID,user_15,ggggg,🟩🟩🟩🟩🟩,130
,548,1597,1,RABID,user_3,bgybb,⬜️🟩🟨⬜️⬜️,36.8126998866849
,549,1597,2,RABID,user_3,bbbbg,⬜️⬜️⬜️⬜️🟩,30.8666116096
,550,1597,3,RABID,user_3,ggggg,🟩🟩🟩🟩🟩,130
,551,1597,1,RABID,user_4,gbbgy,🟩⬜️⬜️🟩🟨,61.5960469842849
,552,1597,2,RABID,user_4,yyygb,🟨🟨🟨🟩⬜️,48.7048764408546
,553,1597,3,RABID,user_4,ggggg,🟩🟩🟩🟩🟩,130
,554,1597,1,RABID,user_13,byygb,⬜️🟨🟨🟩⬜️,42.7587881637697
,555,1597,2,RABID,user_13,ggybb,🟩🟩🟨⬜️⬜️,61.5960469842849
,556,1597,3,RABID,user_13,ggygb,🟩🟩🟨🟩⬜️,86.3793940818849
,557,1597,4,RABID,user_13,ggggg,🟩🟩🟩🟩🟩,130
,558,1597,1,RABID,user_0,yyybb,🟨🟨🟨⬜️⬜️,23.9215293432546
,559,1597,2,RABID,user_0,ggygb,🟩🟩🟨🟩⬜️,86.3793940818849
,560,1597,3,RABID,user_0,ggyyb,🟩🟩🟨🟨⬜️,67.5421352613697
,561,1597,4,RABID,user_0,ggggg,🟩🟩🟩🟩🟩,130
,562,1597,1,RABID,user_8,bbbbb,⬜️⬜️⬜️⬜️⬜️,6.083264512
,563,1597,2,RABID,user_8,bybbg,⬜️🟨⬜️⬜️🟩,36.8126998866849
,564,1597,3,RABID,user_8,bgbgg,⬜️🟩⬜️🟩🟩,80.4333058048
,565,1597,4,RABID,user_8,ggggg,🟩🟩🟩🟩🟩,130
,566,1597,1,RABID,user_19,yyybb,🟨🟨🟨⬜️⬜️,23.9215293432546
,567,1597,2,RABID,user_19,bbbbb,⬜️⬜️⬜️⬜️⬜️,6.083264512
,568,1597,3,RABID,user_19,bbygg,⬜️⬜️🟨🟩🟩,61.5960469842849
,569,1597,4,RABID,user_19,ggggg,🟩🟩🟩🟩🟩,130
,570,1597,1,RABID,user_18,ybygb,🟨⬜️🟨🟩⬜️,42.7587881637697
,571,1597,2,RABID,user_18,yyygb,🟨🟨🟨🟩⬜️,48.7048764408546
,572,1597,3,RABID,user_18,ggbgg,🟩🟩⬜️🟩🟩,105.2166529024
,573,1597,4,RABID,user_18,ggggg,🟩🟩🟩🟩🟩,130
,574,1597,1,RABID,user_10,ybbbb,🟨⬜️⬜️⬜️⬜️,12.0293527890849
,575,1597,2,RABID,user_10,bbybb,⬜️⬜️🟨⬜️⬜️,12.0293527890849
,576,1597,3,RABID,user_10,bgybb,⬜️🟩🟨⬜️⬜️,36.8126998866849
,577,1597,4,RABID,user_10,ggggg,🟩🟩🟩🟩🟩,130
,578,1597,1,RABID,user_21,bbygy,⬜️⬜️🟨🟩🟨,42.7587881637697
,579,1597,2,RABID,user_21,bgbgy,⬜️🟩⬜️🟩🟨,61.5960469842849
,580,1597,3,RABID,user_21,ggbgb,🟩🟩⬜️🟩⬜️,80.4333058048
,581,1597,4,RABID,user_21,ggggb,🟩🟩🟩🟩⬜️,105.2166529024
,582,1597,5,RABID,user_21,ggggg,🟩🟩🟩🟩🟩,130
,583,1597,1,RABID,user_12,yyybb,🟨🟨🟨⬜️⬜️,23.9215293432546
,584,1597,2,RABID,user_12,ggyyb,🟩🟩🟨🟨⬜️,67.5421352613697
,585,1597,3,RABID,user_12,ggbgg,🟩🟩⬜️🟩🟩,105.2166529024
,586,1597,4,RABID,user_12,ggbgg,🟩🟩⬜️🟩🟩,105.2166529024
,587,1597,5,RABID,user_12,ggggg,🟩🟩🟩🟩🟩,130
,588,1597,1,RABID,user_17,ybygb,🟨⬜️🟨🟩⬜️,42.7587881637697
,589,1597,2,RABID,user_17,gbbgg,🟩⬜️⬜️🟩🟩,80.4333058048
,590,1597,3,RABID,user_17,ggbgg,🟩🟩⬜️🟩🟩,105.2166529024
,591,1597,4,RABID,user_17,ggbgg,🟩🟩⬜️🟩🟩,105.2166529024
,592,1597,5,RABID,user_17,ggggg,🟩🟩🟩🟩🟩,130
,593,1597,1,RABID,user_1,bbbyb,⬜️⬜️⬜️🟨⬜️,12.0293527890849
,594,1597,2,RABID,user_1,yybyb,🟨🟨⬜️🟨⬜️,23.9215293432546
,595,1597,3,RABID,user_1,yyybb,🟨🟨🟨⬜️⬜️,23.9215293432546
,596,1597,4,RABID,user_1,bgybb,⬜️🟩🟨⬜️⬜️,36.8126998866849
,597,1597,5,RABID,user_1,yyygg,🟨🟨🟨🟩🟩,73.4882235384546
,598,1597,6,RABID,user_1,ggggg,🟩🟩🟩🟩🟩,130
,599,1598,1,AWOKE,user_2,bybbg,⬜️🟨⬜️⬜️🟩,36.8126998866849
,600,1598,2,AWOKE,user_2,bbygg,⬜️⬜️🟨🟩🟩,61.5960469842849
,601,1598,3,AWOKE,user_2,ggggg,🟩🟩🟩🟩🟩,130
,602,1598,1,AWOKE,user_4,bybby,⬜️🟨⬜️⬜️🟨,17.9754410661697
,603,1598,2,AWOKE,user_4,bbggg,⬜️⬜️🟩🟩🟩,80.4333058048
,604,1598,3,AWOKE,user_4,ggggg,🟩🟩🟩🟩🟩,130
,605,1598,1,AWOKE,user_1,bbyyb,⬜️⬜️🟨🟨⬜️,17.9754410661697
,606,1598,2,AWOKE,user_1,byybb,⬜️🟨🟨⬜️⬜️,17.9754410661697
,607,1598,3,AWOKE,user_1,gbgbg,🟩⬜️🟩⬜️🟩,80.4333058048
,608,1598,4,AWOKE,user_1,ggggg,🟩🟩🟩🟩🟩,130
,609,1598,1,AWOKE,user_5,bbbbg,⬜️⬜️⬜️⬜️🟩,30.8666116096
,610,1598,2,AWOKE,user_5,yybgg,🟨🟨⬜️🟩🟩,67.5421352613697
,611,1598,3,AWOKE,user_5,ggbgg,🟩🟩⬜️🟩🟩,105.2166529024
,612,1598,4,AWOKE,user_5,ggggg,🟩🟩🟩🟩🟩,130
,613,1598,1,AWOKE,user_15,bbyyb,⬜️⬜️🟨🟨⬜️,17.9754410661697
,614,1598,2,AWOKE,user_15,byybb,⬜️🟨🟨⬜️⬜️,17.9754410661697
,615,1598,3,AWOKE,user_15,gbgbg,🟩⬜️🟩⬜️🟩,80.4333058048
,616,1598,4,AWOKE,user_15,ggggg,🟩🟩🟩🟩🟩,130
,617,1598,1,AWOKE,user_12,bybby,⬜️🟨⬜️⬜️🟨,17.9754410661697
,618,1598,2,AWOKE,user_12,byybb,⬜️🟨🟨⬜️⬜️,17.9754410661697
,619,1598,3,AWOKE,user_12,bbybg,⬜️⬜️🟨⬜️🟩,36.8126998866849
,620,1598,4,AWOKE,user_12,ggggg,🟩🟩🟩🟩🟩,130
,621,1598,1,AWOKE,user_0,gbbyb,🟩⬜️⬜️🟨⬜️,36.8126998866849
,622,1598,2,AWOKE,user_0,gygbb,🟩🟨🟩⬜️⬜️,61.5960469842849
,623,1598,3,AWOKE,user_0,gbgbg,🟩⬜️🟩⬜️🟩,80.4333058048
,624,1598,4,AWOKE,user_0,gbgbg,🟩⬜️🟩⬜️🟩,80.4333058048
,625,1598,5,AWOKE,user_0,ggggg,🟩🟩🟩🟩🟩,130
,626,1598,1,AWOKE,user_18,gbbby,🟩⬜️⬜️⬜️🟨,36.8126998866849
,627,1598,2,AWOKE,user_18,gbbyb,🟩⬜️⬜️🟨⬜️,36.8126998866849
,628,1598,3,AWOKE,user_18,gbgbb,🟩⬜️🟩⬜️⬜️,55.6499587072
,629,1598,4,AWOKE,user_18,gbgbg,🟩⬜️🟩⬜️🟩,80.4333058048
,630,1598,5,AWOKE,user_18,ggggg,🟩🟩🟩🟩🟩,130
,631,1598,1,AWOKE,user_8,bbybb,⬜️⬜️🟨⬜️⬜️,12.0293527890849
,632,1598,2,AWOKE,user_8,bybbg,⬜️🟨⬜️⬜️🟩,36.8126998866849
,633,1598,3,AWOKE,user_8,gbbbg,🟩⬜️⬜️⬜️🟩,55.6499587072
,634,1598,4,AWOKE,user_8,gbgbg,🟩⬜️🟩⬜️🟩,80.4333058048
,635,1598,5,AWOKE,user_8,ggggg,🟩🟩🟩🟩🟩,130
,636,1598,1,AWOKE,user_17,gbbby,🟩⬜️⬜️⬜️🟨,36.8126998866849
,637,1598,2,AWOKE,user_17,bybyb,⬜️🟨⬜️🟨⬜️,17.9754410661697
,638,1598,3,AWOKE,user_17,gbgbg,🟩⬜️🟩⬜️🟩,80.4333058048
,639,1598,4,AWOKE,user_17,gbgbg,🟩⬜️🟩⬜️🟩,80.4333058048
,640,1598,5,AWOKE,user_17,gbggg,🟩⬜️🟩🟩🟩,105.2166529024
,641,1598,6,AWOKE,user_17,ggggg,🟩🟩🟩🟩🟩,130
,642,1598,1,AWOKE,user_3,yybbb,🟨🟨⬜️⬜️⬜️,17.9754410661697
,643,1598,2,AWOKE,user_3,bybbb,⬜️🟨⬜️⬜️⬜️,12.0293527890849
,644,1598,3,AWOKE,user_3,bbybb,⬜️⬜️🟨⬜️⬜️,12.0293527890849
,645,1598,4,AWOKE,user_3,gbgbb,🟩⬜️🟩⬜️⬜️,55.6499587072
,646,1598,5,AWOKE,user_3,gbbbg,🟩⬜️⬜️⬜️🟩,55.6499587072
,647,1598,6,AWOKE,user_3,ggggg,🟩🟩🟩🟩🟩,130
,648,1598,1,AWOKE,user_21,bbybb,⬜️⬜️🟨⬜️⬜️,12.0293527890849
,649,1598,2,AWOKE,user_21,bbybg,⬜️⬜️🟨⬜️🟩,36.8126998866849
,650,1598,3,AWOKE,user_21,bybyb,⬜️🟨⬜️🟨⬜️,17.9754410661697
,651,1598,4,AWOKE,user_21,gbbbg,🟩⬜️⬜️⬜️🟩,55.6499587072
,652,1598,5,AWOKE,user_21,gbbbg,🟩⬜️⬜️⬜️🟩,55.6499587072
,653,1598,6,AWOKE,user_21,gbgbg,🟩⬜️🟩⬜️🟩,80.4333058048
,654,1599,1,VENUE,user_4,bgbbb,⬜️🟩⬜️⬜️⬜️,30.8666116096
,655,1599,2,VENUE,user_4,bbgyb,⬜️⬜️🟩🟨⬜️,36.8126998866849
,656,1599,3,VENUE,user_4,ggggg,🟩🟩🟩🟩🟩,130
,657,1599,1,VENUE,user_12,bgbbb,⬜️🟩⬜️⬜️⬜️,30.8666116096
,658,1599,2,VENUE,user_12,bgybb,⬜️🟩🟨⬜️⬜️,36.8126998866849
,659,1599,3,VENUE,user_12,ggggg,🟩🟩🟩🟩🟩,130
,660,1599,1,VENUE,user_18,bybbb,⬜️🟨⬜️⬜️⬜️,12.0293527890849
,661,1599,2,VENUE,user_18,bbybg,⬜️⬜️🟨⬜️🟩,36.8126998866849
,662,1599,3,VENUE,user_18,ggggg,🟩🟩🟩🟩🟩,130
,663,1599,1,VENUE,user_13,bbyyb,⬜️⬜️🟨🟨⬜️,17.9754410661697
,664,1599,2,VENUE,user_13,bygbb,⬜️🟨🟩⬜️⬜️,36.8126998866849
,665,1599,3,VENUE,user_13,bbggb,⬜️⬜️🟩🟩⬜️,55.6499587072
,666,1599,4,VENUE,user_13,ggggg,🟩🟩🟩🟩🟩,130
,667,1599,1,VENUE,user_8,byybb,⬜️🟨🟨⬜️⬜️,17.9754410661697
,668,1599,2,VENUE,user_8,ybyyy,🟨⬜️🟨🟨🟨,29.8676176203394
,669,1599,3,VENUE,user_8,ygbyg,🟨🟩⬜️🟨🟩,67.5421352613697
,670,1599,4,VENUE,user_8,ggggg,🟩🟩🟩🟩🟩,130
,671,1599,1,VENUE,user_15,bbybb,⬜️⬜️🟨⬜️⬜️,12.0293527890849
,672,1599,2,VENUE,user_15,bbbbg,⬜️⬜️⬜️⬜️🟩,30.8666116096
,673,1599,3,VENUE,user_15,bygbg,⬜️🟨🟩⬜️🟩,61.5960469842849
,674,1599,4,VENUE,user_15,ggggg,🟩🟩🟩🟩🟩,130
,675,1599,1,VENUE,user_17,bybbb,⬜️🟨⬜️⬜️⬜️,12.0293527890849
,676,1599,2,VENUE,user_17,bbybb,⬜️⬜️🟨⬜️⬜️,12.0293527890849
,677,1599,3,VENUE,user_17,yybbg,🟨🟨⬜️⬜️🟩,42.7587881637697
,678,1599,4,VENUE,user_17,ggggg,🟩🟩🟩🟩🟩,130
,679,1599,1,VENUE,user_3,ybbbb,🟨⬜️⬜️⬜️⬜️,12.0293527890849
,680,1599,2,VENUE,user_3,bbyyb,⬜️⬜️🟨🟨⬜️,17.9754410661697
,681,1599,3,VENUE,user_3,bybbb,⬜️🟨⬜️⬜️⬜️,12.0293527890849
,682,1599,4,VENUE,user_3,bbgbb,⬜️⬜️🟩⬜️⬜️,30.8666116096
,683,1599,5,VENUE,user_3,ggggg,🟩🟩🟩🟩🟩,130
,684,1599,1,VENUE,user_1,bbyby,⬜️⬜️🟨⬜️🟨,17.9754410661697
,685,1599,2,VENUE,user_1,bbgyb,⬜️⬜️🟩🟨⬜️,36.8126998866849
,686,1599,3,VENUE,user_1,bggbb,⬜️🟩🟩⬜️⬜️,55.6499587072
,687,1599,4,VENUE,user_1,bggbb,⬜️🟩🟩⬜️⬜️,55.6499587072
,688,1599,5,VENUE,user_1,ggggg,🟩🟩🟩🟩🟩,130
,689,1599,1,VENUE,user_0,bbbyy,⬜️⬜️⬜️🟨🟨,17.9754410661697
,690,1599,2,VENUE,user_0,bbyyg,⬜️⬜️🟨🟨🟩,42.7587881637697
,691,1599,3,VENUE,user_0,bygbg,⬜️🟨🟩⬜️🟩,61.5960469842849
,692,1599,4,VENUE,user_0,bygbg,⬜️🟨🟩⬜️🟩,61.5960469842849
,693,1599,5,VENUE,user_0,ggggg,🟩🟩🟩🟩🟩,130
,694,1599,1,VENUE,user_21,bbbbb,⬜️⬜️⬜️⬜️⬜️,6.083264512
,695,1599,2,VENUE,user_21,bbbyb,⬜️⬜️⬜️🟨⬜️,12.0293527890849
,696,1599,3,VENUE,user_21,bggbb,⬜️🟩🟩⬜️⬜️,55.6499587072
,697,1599,4,VENUE,user_21,bggbb,⬜️🟩🟩⬜️⬜️,55.6499587072
,698,1599,5,VENUE,user_21,bggbb,⬜️🟩🟩⬜️⬜️,55.6499587072
,699,1599,6,VENUE,user_21,ggggg,🟩🟩🟩🟩🟩,130
,700,1600,1,SHORT,user_4,ggggg,🟩🟩🟩🟩🟩,130
,701,1600,1,SHORT,user_1,ggggg,🟩🟩🟩🟩🟩,130
,702,1600,1,SHORT,user_0,bbbbb,⬜️⬜️⬜️⬜️⬜️,6.083264512
,703,1600,2,SHORT,user_0,gbggb,🟩⬜️🟩🟩⬜️,80.4333058048
,704,1600,3,SHORT,user_0,ggggg,🟩🟩🟩🟩🟩,130
,705,1600,1,SHORT,user_3,bbyyy,⬜️⬜️🟨🟨🟨,23.9215293432546
,706,1600,2,SHORT,user_3,bybbb,⬜️🟨⬜️⬜️⬜️,12.0293527890849
,707,1600,3,SHORT,user_3,ggggg,🟩🟩🟩🟩🟩,130
,708,1600,1,SHORT,user_8,byyby,⬜️🟨🟨⬜️🟨,23.9215293432546
,709,1600,2,SHORT,user_8,bygyg,⬜️🟨🟩🟨🟩,67.5421352613697
,710,1600,3,SHORT,user_8,ggggg,🟩🟩🟩🟩🟩,130
,711,1600,1,SHORT,user_13,bybby,⬜️🟨⬜️⬜️🟨,17.9754410661697
,712,1600,2,SHORT,user_13,gyggb,🟩🟨🟩🟩⬜️,86.3793940818849
,713,1600,3,SHORT,user_13,gbggg,🟩⬜️🟩🟩🟩,105.2166529024
,714,1600,4,SHORT,user_13,ggggg,🟩🟩🟩🟩🟩,130
,715,1600,1,SHORT,user_18,bbbby,⬜️⬜️⬜️⬜️🟨,12.0293527890849
,716,1600,2,SHORT,user_18,gyggb,🟩🟨🟩🟩⬜️,86.3793940818849
,717,1600,3,SHORT,user_18,gbggg,🟩⬜️🟩🟩🟩,105.2166529024
,718,1600,4,SHORT,user_18,ggggg,🟩🟩🟩🟩🟩,130
,719,1600,1,SHORT,user_17,bbbby,⬜️⬜️⬜️⬜️🟨,12.0293527890849
,720,1600,2,SHORT,user_17,bbgyy,⬜️⬜️🟩🟨🟨,42.7587881637697
,721,1600,3,SHORT,user_17,gygbb,🟩🟨🟩⬜️⬜️,61.5960469842849
,722,1600,4,SHORT,user_17,gbgbg,🟩⬜️🟩⬜️🟩,80.4333058048
,723,1600,5,SHORT,user_17,ggggg,🟩🟩🟩🟩🟩,130
,724,1600,1,SHORT,user_15,bbbby,⬜️⬜️⬜️⬜️🟨,12.0293527890849
,725,1600,2,SHORT,user_15,yygbb,🟨🟨🟩⬜️⬜️,42.7587881637697
,726,1600,3,SHORT,user_15,ybgyg,🟨⬜️🟩🟨🟩,67.5421352613697
,727,1600,4,SHORT,user_15,gbggg,🟩⬜️🟩🟩🟩,105.2166529024
,728,1600,5,SHORT,user_15,ggggg,🟩🟩🟩🟩🟩,130
,729,1600,1,SHORT,user_12,ybbbb,🟨⬜️⬜️⬜️⬜️,12.0293527890849
,730,1600,2,SHORT,user_12,bbgby,⬜️⬜️🟩⬜️🟨,36.8126998866849
,731,1600,3,SHORT,user_12,bbggy,⬜️⬜️🟩🟩🟨,61.5960469842849
,732,1600,4,SHORT,user_12,gbggb,🟩⬜️🟩🟩⬜️,80.4333058048
,733,1600,5,SHORT,user_12,gyggb,🟩🟨🟩🟩⬜️,86.3793940818849
,734,1600,6,SHORT,user_12,ggggg,🟩🟩🟩🟩🟩,130
,735,1601,1,GUISE,user_0,bbgyy,⬜️⬜️🟩🟨🟨,42.7587881637697
,736,1601,2,GUISE,user_0,yggbg,🟨🟩🟩⬜️🟩,86.3793940818849
,737,1601,3,GUISE,user_0,ggggg,🟩🟩🟩🟩🟩,130
,738,1601,1,GUISE,user_4,byyyb,⬜️🟨🟨🟨⬜️,23.9215293432546
,739,1601,2,GUISE,user_4,ggygb,🟩🟩🟨🟩⬜️,86.3793940818849
,740,1601,3,GUISE,user_4,ggggg,🟩🟩🟩🟩🟩,130
,741,1601,1,GUISE,user_21,bbbyb,⬜️⬜️⬜️🟨⬜️,12.0293527890849
,742,1601,2,GUISE,user_21,bbgbg,⬜️⬜️🟩⬜️🟩,55.6499587072
,743,1601,3,GUISE,user_21,gbgbg,🟩⬜️🟩⬜️🟩,80.4333058048
,744,1601,4,GUISE,user_21,ggggg,🟩🟩🟩🟩🟩,130
,745,1601,1,GUISE,user_8,bbbyy,⬜️⬜️⬜️🟨🟨,17.9754410661697
,746,1601,2,GUISE,user_8,ygybb,🟨🟩🟨⬜️⬜️,42.7587881637697
,747,1601,3,GUISE,user_8,ggygb,🟩🟩🟨🟩⬜️,86.3793940818849
,748,1601,4,GUISE,user_8,ggggg,🟩🟩🟩🟩🟩,130
,749,1601,1,GUISE,user_13,bbbbb,⬜️⬜️⬜️⬜️⬜️,6.083264512
,750,1601,2,GUISE,user_13,ybybb,🟨⬜️🟨⬜️⬜️,17.9754410661697
,751,1601,3,GUISE,user_13,bbgyy,⬜️⬜️🟩🟨🟨,42.7587881637697
,752,1601,4,GUISE,user_13,ggggg,🟩🟩🟩🟩🟩,130
,753,1601,1,GUISE,user_15,bbybb,⬜️⬜️🟨⬜️⬜️,12.0293527890849
,754,1601,2,GUISE,user_15,yybbb,🟨🟨⬜️⬜️⬜️,17.9754410661697
,755,1601,3,GUISE,user_15,bbbgg,⬜️⬜️⬜️🟩🟩,55.6499587072
,756,1601,4,GUISE,user_15,ggggg,🟩🟩🟩🟩🟩,130
,757,1601,1,GUISE,user_18,bgbyb,⬜️🟩⬜️🟨⬜️,36.8126998866849
,758,1601,2,GUISE,user_18,bggbb,⬜️🟩🟩⬜️⬜️,55.6499587072
,759,1601,3,GUISE,user_18,bggbg,⬜️🟩🟩⬜️🟩,80.4333058048
,760,1601,4,GUISE,user_18,ggggg,🟩🟩🟩🟩🟩,130
,761,1601,1,GUISE,user_2,bbbbb,⬜️⬜️⬜️⬜️⬜️,6.083264512
,762,1601,2,GUISE,user_2,bbbyy,⬜️⬜️⬜️🟨🟨,17.9754410661697
,763,1601,3,GUISE,user_2,yggbg,🟨🟩🟩⬜️🟩,86.3793940818849
,764,1601,4,GUISE,user_2,ggggg,🟩🟩🟩🟩🟩,130
,765,1601,1,GUISE,user_12,byyyb,⬜️🟨🟨🟨⬜️,23.9215293432546
,766,1601,2,GUISE,user_12,byyyb,⬜️🟨🟨🟨⬜️,23.9215293432546
,767,1601,3,GUISE,user_12,yybyg,🟨🟨⬜️🟨🟩,48.7048764408546
,768,1601,4,GUISE,user_12,ggggg,🟩🟩🟩🟩🟩,130
,769,1601,1,GUISE,user_3,ybbbb,🟨⬜️⬜️⬜️⬜️,12.0293527890849
,770,1601,2,GUISE,user_3,bbybb,⬜️⬜️🟨⬜️⬜️,12.0293527890849
,771,1601,3,GUISE,user_3,bbgbb,⬜️⬜️🟩⬜️⬜️,30.8666116096
,772,1601,4,GUISE,user_3,bbggg,⬜️⬜️🟩🟩🟩,80.4333058048
,773,1601,5,GUISE,user_3,ggggg,🟩🟩🟩🟩🟩,130
,774,1601,1,GUISE,user_1,ybybb,🟨⬜️🟨⬜️⬜️,17.9754410661697
,775,1601,2,GUISE,user_1,bbygb,⬜️⬜️🟨🟩⬜️,36.8126998866849
,776,1601,3,GUISE,user_1,bbygg,⬜️⬜️🟨🟩🟩,61.5960469842849
,777,1601,4,GUISE,user_1,bgbgg,⬜️🟩⬜️🟩🟩,80.4333058048
,778,1601,5,GUISE,user_1,bybyg,⬜️🟨⬜️🟨🟩,42.7587881637697
,779,1601,6,GUISE,user_1,ggggg,🟩🟩🟩🟩🟩,130